Patient_ID,B cells naive,B cells memory,Plasma cells,T cells CD8,T cells CD4 naive,T cells CD4 memory resting,T cells CD4 memory activated,T cells follicular helper,T cells regulatory (Tregs),T cells gamma delta,NK cells resting,NK cells activated,Monocytes,Macrophages M0,Macrophages M1,Macrophages M2,Dendritic cells resting,Dendritic cells activated,Mast cells resting,Mast cells activated,Eosinophils,Neutrophils,P-value,Correlation,RMSE,Absolute score (sig.score)
G138701_RCCBMS-00020-T_v1_RNA_OnPrem,0.0463266874139978,0.086640549923482,0.0158416563268817,0.185357321350538,0.0,0.204350776585299,0.0226053245885038,0.0501864721428824,0.0095082662418061,0.0236723751177074,0.0069125623910302,0.0442589776812399,0.037178556318092,0.032523314320787,0.0793449397186141,0.245953010147234,0.0420273271013451,0.0213092925757792,0.0574576779733443,0.0,0.0097802579422369,0.0536864311469546,0,0.923779443467268,0.650794566242568,1.27492177700776
G138701_RCCBMS-00141-T_v1_RNA_OnPrem,0.0690829402249373,0.0503110717414391,0.035438195021582,0.101135988699829,0.0,0.179167570630962,0.0350132337831105,0.0879140501187386,0.0,0.0049830610655681,0.0738870224504803,0.0226467188607992,0.11690116520405,0.0,0.0798262374368003,0.236170865323873,0.0233444616114706,0.0190535764295425,0.0944291972296301,0.0,0.0,0.0751885623239992,0,0.917443456185345,0.667743158846025,1.30449391815681
G138701_RCCBMS-00053-T_v1_RNA_OnPrem,0.160051085043764,0.012882839053332,0.0127078412816876,0.202379603974206,0.0,0.157942363617598,0.0917044896608106,0.100218504956743,0.0,0.0,0.0555886231015303,0.0125458572190081,0.0998453953046555,0.0022969610316975,0.0936527147275816,0.268421160754841,0.0193238671519766,0.0171431479838307,0.0421576945697267,0.0,0.001491108529682,0.0675858983479533,0,0.915875797285775,0.65708026185655,1.41793915631062
G138701_RCCBMS-00116-T_v1_RNA_OnPrem,0.026639904554986,0.0972755789048395,0.0039704756054515,0.0638603049356235,0.0,0.224706471127926,0.0252292005835864,0.0625915497291036,0.00688065479471,0.0319865075019766,0.0859725534628968,0.0,0.0838352147215074,0.022920076247065,0.0515261840554927,0.258094923480544,0.0419018725665945,0.054261931261393,0.0622239605789623,0.0163429817969331,0.0177665421660877,0.0391929408549463,0,0.919399416355096,0.670497243461347,1.27717982893063
G138701_RCCBMS-00136-T_v1_RNA_OnPrem,0.0751697883193537,0.0980206570508782,0.0307744916815572,0.104251733922755,0.0,0.189237300837872,0.0752229995999366,0.138064157410488,0.0,0.0330914667218188,0.0453025800858623,0.0049757055665393,0.0602612914588826,0.0036272833415217,0.0695269042263618,0.230878695073503,0.0300430717187307,0.0320289918176158,0.0650811545035233,0.0192077570664193,0.0,0.0597748704807467,0,0.805444366726341,0.727052244455682,1.36454090088437
G138701_RCCBMS-00057-T_v1_RNA_OnPrem,0.0391263032685112,0.129610551922585,0.00337595638926,0.124185419954193,0.0,0.204513100693916,0.017236295929331,0.0410556103607013,0.0060035671925233,0.0,0.0584298024900997,0.0010950378630612,0.0762788283202562,0.0130541399300926,0.0876305343066739,0.264631668714772,0.0541433692846352,0.0070397424878161,0.0468025194094484,0.0115249810567572,0.0100350769696795,0.0260509842740615,0,0.91057462233911,0.665983637779743,1.22182349081837
G138701_RCCBMS-00008-T_v1_RNA_OnPrem,0.0447145710311718,0.0849665351090317,0.0244327002296458,0.158603756880813,0.0,0.137402304045589,0.0344555610162507,0.0971233341487739,0.0,0.0101792859236614,0.0458225451438093,0.024522040133296,0.104234704396286,0.0055047436795604,0.0916673100570679,0.271964407379812,0.0342735550778575,0.034044206666029,0.0846283972744921,0.0177633377345953,0.0,0.0415736956156731,0,0.953155385767992,0.64906449477153,1.34787699154342
G138701_RCCBMS-00065-T_v1_RNA_OnPrem,0.009696714670794,0.0944707623715509,0.0139949535714304,0.241193471545129,0.0,0.0797892183851683,0.0322685992956297,0.141170961909453,0.0,0.0216649691071597,0.0,0.0741786065629778,0.0881825856234181,0.0158057271074324,0.0797004846028748,0.244244558831298,0.0189082382858856,0.030824111115614,0.0798209794581288,0.0,0.0151747725251686,0.0332698611209958,0,0.923727613031435,0.652267118493026,1.31435957609011
G138701_RCCBMS-00110-T_v1_RNA_OnPrem,0.0304730786068416,0.0622284689944892,0.0083553875792429,0.0951445273657572,0.0,0.209221465854619,0.0310319205955696,0.0994124792806046,0.0,0.0,0.124366288627521,0.0,0.100812273630534,0.0048922494093972,0.0574359287829814,0.238102725970688,0.0420595744908926,0.0155568341416305,0.0626640570865749,0.0,0.0024610768426692,0.0184262610698358,0,0.901297104402169,0.670530021966108,1.20264459832985
G138701_RCCBMS-00111-T_v1_RNA_OnPrem,0.0374389340923928,0.0498517268708944,0.0242371667063985,0.157467000027859,0.0409918110574862,0.0935864947808037,0.0183375499075497,0.0730265578509366,0.0004586836943414,0.0,0.0686873387853088,0.0401919604394285,0.0779109695369667,0.0157438877026134,0.0533499982669818,0.263817154893043,0.0139018686505419,0.0296150563814845,0.111103079424703,0.0,0.0129568506703446,0.0095368727608632,0,0.883138150678724,0.685953969096363,1.19221096250094
G109543_RCCBMS-00147-T_v1_RNA_OnPrem,0.083004000973399,0.0812928483751859,0.0496244992606387,0.226137292399797,0.0,0.117522067908067,0.0602269132227319,0.113072980880542,0.014327967216887,0.0,0.0924607964903695,0.0011585833370923,0.0970327863519525,0.0172446517320625,0.0688530506584261,0.197661875435364,0.0494356501740802,0.0517407399441893,0.0241457515430694,0.0461206050993452,0.0,0.0156380833320533,0,0.938032221449104,0.647249663169783,1.40670114433525
G138701_RCCBMS-00044-T_v1_RNA_OnPrem,0.0476041883261161,0.102634526481633,0.0,0.0311964705508545,0.0,0.253095518710513,0.0482161754546569,0.111652607566993,0.0,0.0140589221527298,0.0997474514166178,0.0,0.0216861122527803,0.0112449290636709,0.034808855175039,0.2553640330785,0.0138389868300992,0.0648495643731327,0.0520212613481272,0.0515392203025887,0.0010911417257937,0.0212665478902097,0,0.893771614610028,0.677696911645695,1.23591651270006
G138701_RCCBMS-00084-T_v1_RNA_OnPrem,0.053628008044466,0.108585543357116,0.0048089910589846,0.172595377936521,0.0,0.155957009191167,0.0181810753345193,0.102187414050182,0.0172706640255499,0.0,0.0419737746264692,0.018964298563356,0.118568559818782,0.0219914905094857,0.085234616285321,0.23638884351451,0.0699398439642799,0.0168973955529676,0.051450199716949,0.0193731203675884,0.0115184438990437,0.0113140645583615,0,0.936296804754716,0.653544752857699,1.33682873437562
G138701_RCCBMS-00154-T_v1_RNA_OnPrem,0.0377830760681753,0.0804444960060627,0.0564570234058519,0.179108783290131,0.0,0.173251521424221,0.0293697963447044,0.126530713120329,0.0,0.0136057601469168,0.0330190684029397,0.0206785810640785,0.0767904352085132,0.0,0.0642913453806438,0.250842030137947,0.0200155961893891,0.0702045025250111,0.0747485362538335,0.0078379351642853,0.0,0.0214075632303344,0,0.933490691936247,0.651668581378609,1.33638676336337
G138701_RCCBMS-00194-T_v1_RNA_OnPrem,0.0318117189705831,0.124800755071551,0.0410244961787818,0.147612242871869,0.0,0.118788020033761,0.0694372636097536,0.141057533832214,0.0,0.0359970550545136,0.0110449624307643,0.037758078455021,0.0915227055103424,0.0355790822440448,0.0850377466078292,0.278382506547571,0.036215046275105,0.0503430086215541,0.0204446428731295,0.0327470555656591,0.0139222374857404,0.0388899253209897,0,0.939504735289579,0.655103628577289,1.44241608356078
G138701_RCCBMS-00047-T_v1_RNA_OnPrem,0.0060489979793203,0.103232885431015,0.016666162917709,0.208464678331428,0.0,0.125228487776195,0.0381356409844707,0.0987454995518929,0.0,0.0,0.0460010835403402,0.0118498716582509,0.0494779720434425,0.0,0.0703616635796155,0.2702207280782,0.0621455635083627,0.0232412355999144,0.0484436047444018,0.0,0.0097568449556042,0.0821494402239017,0,0.914662046032101,0.662748658381752,1.27017036090407
G138701_RCCBMS-00178-T_v1_RNA_OnPrem,0.0522508217068609,0.0842061461845808,0.0033694130602995,0.131304131627151,0.0,0.202108647831539,0.0208172224902163,0.101743317696372,0.0,0.0,0.093234754116577,0.0,0.0926321105783113,0.0138018358714017,0.0752331640172723,0.230100252676843,0.0181380072463618,0.0190183306173688,0.0473561252193006,0.0103534475580708,0.0191481624905363,0.0298015373664548,0,0.92064962224796,0.655693746427712,1.24461742835552
G138701_RCCBMS-00068-T_v1_RNA_OnPrem,0.0136479473060943,0.0843263584026107,0.0278860067089713,0.0856910588151707,0.0,0.204153979928387,0.0280112871627856,0.0994626082641398,0.0,0.0134802759664962,0.0752721831975078,0.0176566887617352,0.0708520646563859,0.0256818431461111,0.0662341424295306,0.267891416121928,0.0222741412420429,0.040002452933596,0.0036623089820029,0.0724064359395304,0.014191170967704,0.0474866681027344,0,0.902848245140438,0.674530425014471,1.28027103903546
G138701_RCCBMS-00072-T_v1_RNA_OnPrem,0.0828580280694177,0.0639523393194642,0.0338216426167701,0.338111715279338,0.0,0.0445797112224057,0.127608825274026,0.149729470269911,0.0,0.0052306560274658,0.0,0.0553414441467882,0.011432377570153,0.0,0.100395764466749,0.278785079299127,0.0203599004400532,0.036162225496629,0.0071172896711387,0.0017699563355686,0.0147395103371307,0.0733168148229972,0,0.89650470512242,0.655302681561099,1.44531275066513
G138701_RCCBMS-00035-T_v1_RNA_OnPrem,0.128060591408281,0.0,0.0475871526663491,0.103514788400425,0.0,0.245187240094118,0.0,0.104068921557557,0.0038827692946474,0.0070012891811331,0.0501042086186111,0.0,0.0931674317974164,0.0273774652346602,0.0288300693010367,0.207605152471617,0.0678049140667927,0.084238883303494,0.0372107538422226,0.0356094942216217,0.001546503244416,0.0499391574404412,0,0.903563703342782,0.67282746606565,1.32273678614484
G109543_RCCBMS-00114-T_v1_RNA_OnPrem,0.0253049364210802,0.0976220841063565,0.0098016013582868,0.162856315224353,0.0,0.161938903157052,0.0388884706861796,0.0664753980087422,0.0,0.0183488524626908,0.0311000304389047,0.0195307912211162,0.0635448225774519,0.0035888261952859,0.0699074152745887,0.271185889826744,0.0335813966492201,0.022460475840969,0.0937500111249818,0.0,0.0268984433976165,0.0348004000493286,0,0.928857987941019,0.663161373856861,1.25158506402095
G138701_RCCBMS-00092-T_v1_RNA_OnPrem,0.151624209181384,0.0242537379034423,0.012720039058305,0.210491981539806,0.0,0.144502974664511,0.0387240878505434,0.13712248508522,0.0,0.0,0.0324838389350813,0.0304538472279727,0.107643013915492,0.0163082035322602,0.0680972296309648,0.208270231778706,0.0304764227311279,0.0671607075449015,0.0407949035470517,0.029099560868001,0.0164890267404756,0.0270747861763211,0,0.9295706746891,0.650747667255764,1.39379128791157
G138701_RCCBMS-00011-T_v1_RNA_OnPrem,0.0198538181582752,0.0891683401144259,0.0108827943343379,0.0,0.0,0.336896480093469,0.0,0.0679493120333205,0.007966902955163,0.0119146841825463,0.0307198772283539,0.0293918897950736,0.0619063898059459,0.0,0.0566005312736481,0.231546332516633,0.0219619711707534,0.0418616589510514,0.065959991032728,0.023463064926722,0.0059157927157519,0.0299835301551665,0,0.837101311269781,0.706789473338246,1.14394336144336
G109543_RCCBMS-00145-T_v1_RNA_OnPrem,0.0914410773582368,0.0646934408615597,0.0148241660122196,0.191384438568277,0.0,0.156050304692422,0.0310155921952575,0.108155032639626,0.0,0.0,0.10581534131187,0.0,0.120164815648004,0.0070113908909496,0.0646935580284996,0.234772205640042,0.0248736426860528,0.0723265592549473,0.0672534232178097,0.0,0.0,0.025088176221214,0,0.927134217646158,0.654499516588592,1.37956316522699
G109543_RCCBMS-00196-T_v1_RNA_OnPrem,0.0373180861743779,0.094525437513966,0.0178880718389067,0.161390521388527,0.0,0.155667971911239,0.0228460626627259,0.109046274440112,0.0104365541807111,0.0005809828545443,0.014547590914326,0.0617052965748818,0.069335000602977,0.003305264908312,0.0702382833702274,0.256659044359514,0.0199308453230588,0.0186900143017857,0.0306077950127675,0.0476505874877036,0.0248417427385026,0.0395215770633606,0,0.934441161248607,0.650005320340579,1.26673300562253
G138701_RCCBMS-00090-T_v1_RNA_OnPrem,0.0395838615538507,0.0889518779535055,0.0151731534475525,0.12144850116732,0.0,0.250740689497066,0.0383430717755832,0.116412475038327,0.0,0.0039501071447224,0.0542481030935709,0.0178392514284461,0.0941778299095026,0.0,0.0615880416106383,0.202836663213532,0.0600415110909961,0.0620560765443479,0.0243909024998554,0.015071811992743,0.0109325692434956,0.0264485066963543,0,0.899332640210116,0.669552684551282,1.30423500490141
G138701_RCCBMS-00113-T_v1_RNA_OnPrem,0.0780461093997235,0.0491702202198644,0.0145478623036739,0.091106659379444,0.0,0.189580360743569,0.0313926408950564,0.0751759790415627,0.0,0.0038238232307698,0.110179384969981,0.0,0.112221465623457,0.0,0.0668577561149001,0.312625763925967,0.0197775007881809,0.0570544727220259,0.0422200323189434,0.0191816764641507,0.0053386741323198,0.0584371219885684,0,0.943921720770774,0.65097157297342,1.33673750426216
G109543_RCCBMS-00076-T2_v1_RNA_OnPrem,0.045099611300414,0.0715652943395254,0.0045655248706767,0.0821523317545561,0.0,0.186078411185561,0.0193981788087916,0.107377577438752,0.0,0.0,0.0608046072210765,0.045392986787592,0.0932537011659193,0.0,0.0502011794723143,0.280521067215288,0.0143243238799457,0.0735346418122469,0.0061420836765878,0.0612600452174202,0.0114457124264039,0.0620307260618058,0,0.923165573018222,0.660463815544225,1.27514800463488
G138701_RCCBMS-00098-T_v1_RNA_OnPrem,0.0482892568920363,0.0520071717161683,0.0085419998270807,0.12178010681054,0.0,0.225638207202657,0.0,0.12281130674163,0.0,0.0,0.0458067625355787,0.0,0.0985213578194989,0.0270181682998849,0.0400956112108152,0.221276529126033,0.0157460637949328,0.0592325877643603,0.0020898716814245,0.0253985974835429,0.0234143001020051,0.0003475940428184,0,0.819575256384076,0.707671476709617,1.13801549305101
G138701_RCCBMS-00137-T_v1_RNA_OnPrem,0.0421675722430886,0.062979924851889,0.011311592480722,0.106091382315724,0.0,0.200273861537659,0.0,0.085755165565167,0.0103228862684486,0.0204940050251203,0.0519534996555576,0.0113231170281116,0.0182502314447016,0.0375068016024914,0.068638314809445,0.295167541733947,0.0216442614739324,0.0306909943455122,0.061917620493371,0.0210624692277114,0.0193073353938793,0.0412628605008005,0,0.752083015000635,0.751557225498727,1.21812143799728
G109543_RCCBMS-00150-T_v1_RNA_OnPrem,0.0143043311271878,0.108391641701059,0.0082612691597249,0.0535069316959921,0.0135256612383634,0.223874402635035,0.0027749157634212,0.042637523032969,0.0,0.0,0.0564668348268879,0.0,0.0608154814913974,0.0027436954455957,0.0150513707896475,0.219168184041908,0.0053126774288366,0.0776541280044332,0.0,0.0352042749034814,0.0193928776335445,0.0,0,0.818184104723071,0.713617898532529,0.959086200919485
G138701_RCCBMS-00191-T_v1_RNA_OnPrem,0.0306776524342047,0.0974778038449535,0.0103430582039864,0.12841607523263,0.0,0.206980462375372,0.022643841562763,0.107917645368784,0.0,0.0335727068356071,0.0168455935249729,0.0171483140503685,0.0803956734441987,0.0182154531079657,0.0638670036459839,0.232863440365714,0.0530512683914185,0.039493783772766,0.0035980816052656,0.0762982785208504,0.0091857479680616,0.0343368920798169,0,0.925934738532491,0.658342385893682,1.28332877633568
G138701_RCCBMS-00169-T_v1_RNA_OnPrem,0.0177593248583585,0.105851431185,0.0191488583877115,0.0873201950569227,0.0,0.201631738179179,0.0,0.11409465123391,0.0148931618040525,0.038712292842292,0.0013516308959596,0.0407208909397857,0.0986135434293266,0.0167315930885298,0.0403853858959954,0.257022301509877,0.0,0.0499121056041256,0.0282220157053582,0.0430244501752128,0.0017510601481563,0.086412125587466,0,0.906561313644433,0.662917998429235,1.26355875652722
G138701_RCCBMS-00049-T_v1_RNA_OnPrem,0.0236272077661047,0.123442173111076,0.0556213790202701,0.204453789978303,0.0,0.159849551350882,0.037056435059127,0.12069298287382,0.0055344621026246,0.0,0.029702689995493,0.044453083829423,0.0432616027784929,0.0429328302816007,0.0645634675736474,0.244065238752823,0.0046217126088716,0.0445108448924983,0.0179833744291747,0.0223043901961215,0.0086527032492385,0.057702463758976,0,0.923271209982665,0.646876649880271,1.35503238360857
G138701_RCCBMS-00025-T_v1_RNA_OnPrem,0.0128601076576734,0.143472963571764,0.0043203476629845,0.146434092577936,0.0,0.145051750338782,0.0168575842988812,0.0790523212679399,0.0066908552507971,0.0,0.0876267309665958,0.0,0.0816827435500579,0.0627528052273827,0.0496330148078458,0.25389378981319,0.0211771866343955,0.0419889631678609,0.0542154553891212,0.0336982609699263,0.0183948799977699,0.037711067374011,0,0.933950787807149,0.658253837046289,1.29751492052492
P66425-02F-Run1_S7_L001,0.07672066463208,0.036109568847965,0.0376075768096875,0.277575204928347,0.0,0.153295793317361,0.0204559187826658,0.14278402080019,0.0314168324988892,0.0,0.0455471681484984,0.0316038582741834,0.0842319800351553,0.0,0.0786091493257719,0.2682308930169,0.040172990693545,0.0391539430802252,0.0381817685792066,0.0,0.0055078626041258,0.0383128120824306,0,0.645650302297798,0.798577149223641,1.44551800645723
P66291-09A-Run1_S10_L001,0.0357981976033848,0.100789112129661,0.0089535284690568,0.0710825901636383,0.0126446166596769,0.166539212195906,0.0324757525348045,0.082304089613943,0.0,0.017113949371574,0.0761623126530676,0.0,0.0809218517454386,0.0,0.0469783447736188,0.242552009531484,0.0181698473342378,0.0490167100167164,0.0861641689246777,0.0524183227763868,0.0049478813568996,0.0716538411618948,0,0.929039749187263,0.667435794313847,1.25668633901607
P66425-08F-Run1_S7_L001,0.0,0.124570612508622,0.0074259471283846,0.144605660564616,0.0,0.169307564311603,0.0299633372894004,0.109389230644225,0.0,0.0180462213240496,0.0511289469826895,0.0200576778881493,0.0764210258341584,0.0,0.0767033665613636,0.274386402546977,0.0205090092092176,0.0493364619501288,0.0690362106592281,0.0045779805822199,0.0,0.0361015658375076,0,0.913157631866896,0.664568136361077,1.28156722182254
P66511-05E-Run1_S11_L001,0.0956342760321412,0.022805953712698,0.0062829178366971,0.0464839640586074,0.0,0.199333591609585,0.0038001234229241,0.10096187501346,0.0174722675828057,0.025297736171057,0.0331157130925592,0.0219278506203256,0.179960228924589,0.0401507266015716,0.0405606665255254,0.262708204047182,0.0304614894346374,0.0447305751242081,0.0017934445033784,0.0586248698313189,0.0430780396038221,0.100388333828089,0,0.921862571356444,0.654606506271847,1.37557284757718
P66425-10A-Run1_S13_L002,0.0323454173037275,0.0228811134735524,0.0084256417764381,0.342459824113509,0.0,0.0016200733584233,0.111939487890295,0.15424291060796,0.0,0.0,0.03569775328689,0.0864934709934138,0.114876362885046,2.87718199893217e-05,0.0782306164762523,0.226011703433346,0.0167840916796516,0.0240107405959432,0.0,0.0465347219611258,0.01441265064261,0.049387695781478,0,0.90855262833384,0.64477653335839,1.36638304807965
P66287-07B-Run1_S2_L001,0.0336406790125486,0.0667977351083837,0.0165527148842046,0.0579477462188801,0.0,0.203773887814759,0.0233505792232186,0.0980322473215227,0.0115017213436453,0.0195462398037065,0.0507085677282779,0.0050638885797754,0.0865478082185612,0.0176142103355732,0.0653231816670842,0.225888918431179,0.0583124267810051,0.028901229223236,0.0024474648394247,0.0346809062537894,0.0276169087987229,0.0232070830197207,0,0.897611718457098,0.678567515852715,1.15745614460722
P66287-09H-Run1_S14_L001,0.0775380104123263,0.0556032949013097,0.0067100490536853,0.163161460574094,0.0,0.194385800012841,0.0938467471760003,0.0306001011153908,0.0,0.0401859678707418,0.0609018126610299,0.0,0.0496009826264558,0.0,0.0601601920367334,0.247936483361331,0.0003916792659725,0.0560812639065442,0.0589590469872016,0.0,0.0263259433764238,0.0596830338750037,0,0.903683250606742,0.670218390523153,1.28207186921308
P66507-10D-Run1_S4_L001,0.0297680666796433,0.0831790185211473,0.0327654966926671,0.141681609309425,0.0,0.176052647390809,0.0572807280671469,0.117851105594966,0.0,0.0,0.0270295269899604,0.0244088436684435,0.0799364224774241,0.0,0.0486995287243313,0.224532801203743,0.027829359903302,0.0355441201099407,0.0682271787260101,0.03890364924973,0.0,0.0412141046236934,0,0.881296667950216,0.689643364697369,1.25490420793238
P66291-12D-Run1_S29_L002,0.0481865364395269,0.0984021615277538,0.0051806288123576,0.106459337465205,0.0,0.201379937233234,0.0444659908453578,0.04528175435929,0.0,0.0,0.0335647278046271,0.0482760224321691,0.119095363048077,0.031414284511294,0.0620092098267383,0.196970712581749,0.021423466012177,0.010373149350534,0.0511537456931556,0.0199491230673946,0.0116377308528957,0.0,0,0.88653444494987,0.682357388885621,1.15522388186354
P66507-09C-Run1_S26_L002,0.0821880392284162,0.0232572898099992,0.0330115207879759,0.179285602180953,0.0,0.15847053197962,0.0305058046751708,0.114360361815548,0.0,0.0,0.0979815658919419,0.0236345045826384,0.103954178367447,0.02855191699729,0.04674843935283,0.182169275715682,0.0172408069832768,0.0965457383310741,0.0599914757955713,0.029671237278198,0.0043341946001081,0.0889205556239552,0,0.913183871058697,0.663267176289004,1.4008230399977
P66451-09H-Run1_S2_L001,0.0625929665725779,0.0603187002529447,0.020921229900276,0.200807249131809,0.0,0.117122701175733,0.0630961654811501,0.115676977557527,0.0028126113187627,0.0402670470649325,0.0252504664987699,0.0195087249447388,0.0736144332500534,0.0098641842873588,0.0811471161459753,0.27551364733479,0.0692446895717392,0.0470588790887896,0.0273901413535858,0.0085759841822678,0.0038342388582648,0.0521742647144335,0,0.938523655148711,0.650068183673139,1.37679241868648
EA647814,0.0281486212138204,0.110228571763156,0.0,0.0629488468781713,0.0205690190771011,0.201541294491381,0.0164513402178801,0.0457302285994411,0.0,0.0,0.111769229146427,0.0,0.104476500968967,0.0,0.0249825470882961,0.244081044979159,0.0213945157436097,0.0526970060919799,0.0527564687287809,0.0171445833654259,0.038597152783763,0.0089913169772048,0,0.880152377179115,0.690511736486418,1.16250828811456
P66432-08G-Run1_S26_L002,0.0196875429266858,0.11377946507465,0.0334864414013616,0.126741991867393,0.0,0.200572888181258,0.0450100714589095,0.0945087373429183,0.0185442678776186,0.0155377997777076,0.0551495981522797,0.0,0.0661712627571373,0.0,0.0575291265667342,0.222992128466031,0.0196981307812012,0.0418504087889245,0.0539840212708496,0.012027116445527,0.0132706359625625,0.0418955203406633,0,0.926607752846815,0.657690264020896,1.25243715544041
P66451-06C-Run1_S12_L001,0.0612002775366861,0.0562141202908807,0.017387400148557,0.114196444940535,0.0,0.163993341820414,0.0119253104037012,0.0839395160056356,0.0,0.0,0.0972153378393343,0.0224243024912876,0.0801626872077747,0.0303495534707149,0.0239575241538215,0.224342572785252,0.0015236947653747,0.0600543424164207,0.0766216724019135,0.0418016746622945,0.0,0.0014570245995336,0,0.906565129870023,0.669275282596988,1.16876679794013
P66287-11C-Run1_S22_L002,0.0129884331854226,0.0571767986196872,0.034721812033145,0.17759900236953,0.0,0.170650772796285,0.0,0.155064448444497,0.0123115115851333,0.0,0.0390825644879754,0.0261742406104506,0.0824159427163033,0.0081664970643786,0.0635176307669594,0.2430075999919,0.0060009634933345,0.054668274229458,0.0345181628060248,0.0075912167853768,0.0334662846031826,0.0238255762893036,0,0.905334426060154,0.657724954656119,1.24294773287835
P66282-01G-Run1_S3_L001,0.083743799987962,0.115966222482631,0.0273833565881987,0.169134204583076,0.0,0.172747069264215,0.0072501899155284,0.141611559981514,0.0,0.0,0.0354641466288748,0.04569026485599,0.0964897655939046,0.0348391755746178,0.0600305735350709,0.240085957102274,0.0084300232753212,0.0588627277936736,0.0266432620418258,0.0103606748220793,0.0162604137670243,0.0184830263731258,0,0.917594155327686,0.650235981592578,1.36947641416691
P66425-06E-Run1_S28_L002,0.0059108354761207,0.118152669703873,0.0153191281163092,0.0567296298833067,0.0,0.220443306476147,0.0025740836373346,0.0828970295472085,0.0222553550863011,0.0130712360728864,0.0814488141255944,0.0,0.0881011486054709,0.0070322822737395,0.0409870091491477,0.284983565225683,0.0633157574338347,0.0520610536956732,0.0464019711138406,0.0278365929741965,8.1159456472359e-05,0.0230346481171031,0,0.934548505148442,0.660594972126214,1.25263727617024
P66511-10D-Run1_S3_L001,0.0189671596664359,0.110415043626938,0.0290575917451641,0.0659189640753253,0.0,0.223389016153964,0.0320213316999718,0.0605814994393973,0.0118533920926411,0.0352241169636693,0.0581291624973662,0.0,0.0497140548512801,0.0167628225663157,0.0685003301707225,0.284033196570337,0.0386311966970812,0.0299417996408087,0.0344521733113371,0.0182424582578599,0.0025390370029863,0.0292892744657038,0,0.926028047365238,0.660239517817576,1.21766362149531
P66511-06G-Run1_S16_L001,0.0457425522354689,0.0520403722834542,0.00727052011107,0.117350543660353,0.0,0.215182635459828,0.0219507031386568,0.120826540689142,0.0,0.0,0.0903937099379204,0.0,0.0748871858110617,0.0,0.0616003896725718,0.199725900550146,0.0242082320038063,0.0493558030321727,0.0655817428873418,0.0029547259796264,0.0241097237874868,0.0223451629071962,0,0.906279480109084,0.664843061190302,1.1955264441473
EA632688,0.0689569044123597,0.0484159770335456,0.0010280075401127,0.0179419760865625,0.0,0.228908311087161,0.0,0.0882899334828525,0.0122868645690987,0.0103780197570164,0.0500810806946057,0.0,0.121112122982011,0.0,0.0575923643066126,0.276309048637902,0.0107300375814949,0.0481086130552729,0.0629934133417486,0.0284367390235444,0.0190811432747058,0.0473614063470955,0,0.914167713292756,0.668902755441145,1.1980119632137
P66425-07C-Run1_S2_L001,0.0,0.119132875675612,0.0263058866621311,0.22937736488153,0.0,0.0602052739494738,0.0311267436054393,0.1814608395334,0.0161728920464786,0.0258854655541515,0.0062678831871082,0.0380287486392088,0.0694756583039493,0.0558772877759854,0.0713249174026039,0.302052171094098,0.0040663279886283,0.0714467916312321,0.0166847340921342,0.001180088224024,0.0030971196681568,0.0276085440137459,0,0.925534011500275,0.644024570231925,1.35677761392909
P66425-06G-Run1_S30_L002,0.164861774616019,0.0044449676361654,0.029325796829844,0.235935826916352,0.0,0.100109351233029,0.0005828898561495,0.150494740872025,0.0,0.0,0.0433645895572549,0.0636545834157817,0.0947609967216511,0.0257098286031426,0.0646293343597261,0.26871265878194,0.0037189681069959,0.0620029896371429,0.0834898126744559,0.0,0.0,0.0193436822595344,0,0.909870205971974,0.656167973156053,1.41514279207721
P66511-09B-Run1_S26_L002,0.0404744581920831,0.0690063582577036,0.0177748284961667,0.0753572062380669,0.0,0.207277675613244,0.0286240705590519,0.0947392408224728,0.0,0.0,0.0921977877895315,0.0293269948381219,0.0804090209848526,0.0,0.0487068900544626,0.289173032575158,0.0147649147991832,0.0721956061227034,0.0250046787917255,0.0554739188984733,0.0007963000822332,0.0346303340898324,0,0.697958389955522,0.781995817271867,1.27593331720507
P66282-10E-Run1_S12_L002,0.0165966138729137,0.103579744111797,0.0,0.0161679644497132,0.0,0.224037175608685,0.0175688128424865,0.0765715521537751,0.0,0.0,0.0568466444166734,0.008518735689942,0.0921018715425811,0.0036296595899302,0.0383944124502111,0.141652109187219,0.0450098198066716,0.0541738222761934,0.0678982673203538,0.0336321886975527,0.0463311953237518,0.0337949110576498,0,0.812256016701805,0.733356445698805,1.0765055003981
EA639153,0.0,0.0696906852546327,0.0383521982006935,0.0272338107499897,0.0,0.185353173684676,0.0,0.0850216183010114,0.0062756565241537,0.0218729471714329,0.0821288961856321,0.0264479198788403,0.159149930358343,0.0,0.0535863912482271,0.317547598341266,0.0090131955220921,0.0658458589069827,0.0359223163914197,0.0117929568451229,0.0035055053930052,0.0392473255095078,0,0.908648333429347,0.667530484524464,1.23798798446703
EA632174,0.0346074717476237,0.0736554893311308,0.0461861732954562,0.16391960478556,0.0,0.148740122189646,0.0098735622088031,0.0997527021539381,0.0,0.0,0.0952589934141319,0.0305413183561272,0.165067812462537,0.0008434012772198,0.0460678539451034,0.166190351303755,0.0558315089818696,0.0730611040397447,0.112876258805435,0.030472375473986,0.0,0.0497493876976912,0,0.945644781715275,0.654589470586101,1.40269549146976
P66287-06H-Run1_S30_L002,0.0165141991504754,0.0988636523731121,0.0,0.105571437485413,0.0,0.220520512490013,0.0,0.129757220977153,0.0161516698070353,0.0128963364746603,0.0,0.0472605914256304,0.0410432478487025,0.0199268210869614,0.0797035070683987,0.28483835812007,0.0059712459206974,0.0131490749611946,0.0833009231927324,0.0,0.0,0.0513938208126194,0,0.840252020459159,0.697175082105831,1.22686261919487
EA632149,0.0725552300992896,0.0395541164180095,0.0101848028612982,0.085677792591809,0.0,0.243344946340345,0.0238913814755068,0.0521350329643262,0.0057626214982082,0.0,0.115381868654171,0.0003882666431554,0.105837490070825,0.0164151780645309,0.0560172106127709,0.201857321634117,0.0195388795842427,0.0257638466984481,0.0973614425186636,0.0,0.0,0.0382680832893118,0,0.914467267600774,0.665918674574387,1.20993551201903
P66507-04A-Run1_S1_L001,0.0447207316516678,0.0273753124179301,0.0324812544862803,0.139009370587601,0.0,0.223470077648252,0.0065476729256763,0.108206991725036,0.0168155805766777,0.0,0.0234735447851829,0.0380796563230295,0.0467610654107817,0.0,0.0602797994256875,0.207711237685535,0.0563770242757294,0.0043174699498318,0.0084964364326334,0.0566989599155028,0.006620812294422,4.99340280005997e-05,0,0.836811470135255,0.694841606793648,1.10749293254546
P66282-05D-Run1_S21_L002,0.0,0.0959647915699907,0.0,0.194258775857369,0.0,0.128516638306644,0.151731358533999,0.0739773174819706,0.0,0.0397029000732363,0.0787347315839025,0.0,0.088334555355732,0.0259285351215873,0.0860499828761702,0.179235051752681,0.0196451366887315,0.0066400803035143,0.0,0.0135759002034233,0.0009123759185463,0.0,0,0.849469656870059,0.685914478925432,1.1832081316275
P66451-05D-Run1_S8_L001,0.0238803348404405,0.112372802596627,0.0477375503906291,0.158982819592393,0.0,0.158531748729236,0.0310143096324365,0.107182491149626,0.0076961161320592,0.0,0.0762405581700521,0.0243762545584932,0.0629253449266453,0.0130448273003902,0.0813763338667232,0.296753316522696,0.0185503287251136,0.017129783644822,0.0145670040381197,0.0365908287530579,0.0,0.0528687114483303,0,0.929409937738057,0.649557175986115,1.34182146501789
P66291-05G-Run1_S22_L002,0.130545833348493,0.0300609660141992,0.0,0.196897887116332,0.0,0.176388758023168,0.0,0.155652452770305,0.0,0.0,0.0,0.0609198526089924,0.0838959925831146,0.0014657105840117,0.0729460945903433,0.225873869335362,0.0175598277970606,0.0566008412431702,0.0265501783367013,0.0009191877146978,0.0138568238171849,0.0079207462608771,0,0.915164256240208,0.63843671660742,1.25805502214401
P66291-01B-Run1_S2_L001,0.0773247687219329,0.0825648066761249,0.024227772630646,0.138072351436133,0.0,0.164285921540998,0.0407505168765608,0.111907622496871,0.0,0.0248115728933857,0.0440611027426508,0.008176570763823,0.0936220409329956,0.0090843918773645,0.0894136464583386,0.283232356993834,0.0494957649832224,0.0280986677963759,0.0,0.0182682254189266,0.0161380438003237,0.0410100743893358,0,0.937903965526031,0.646518685896388,1.34454621942984
P66287-03A-Run1_S9_L001,0.124957278781709,0.0240321633456249,0.0382255758349334,0.160681311197588,0.0,0.149295022246263,0.063847971682661,0.125376896128094,0.0,0.0,0.0196362135687971,0.0219211153290742,0.1035013970318,0.0171779077112288,0.0920282365476165,0.23930310561446,0.0577277104821599,0.0263973498801012,0.0711012363793637,0.0,0.0,0.016788099163839,0,0.945491330877612,0.651158639675932,1.35199859092531
EA632123,0.0416233704492796,0.0955605445003737,0.0354257293071109,0.145186258941532,0.0,0.128026299207655,0.0304011155674907,0.11200354293136,0.0069833431380093,0.0,0.06591676029796,0.0018220129326315,0.150124113253689,0.0032115278893483,0.079968515111327,0.198276523704255,0.0120309339610734,0.0312932150408663,0.0,0.0607377641882555,0.0098982877917101,0.0415976216431713,0,0.920553400354203,0.659364647927312,1.2500874798571
P66507-02D-Run1_S25_L002,0.0236878633143359,0.0905661003292673,0.0,0.182723082777689,0.0,0.158508209299933,0.0,0.112357797013491,0.0,0.0348630053999737,0.0,0.0792372266195636,0.0923344691331514,0.0143588580402773,0.0701814160735945,0.229972708976842,0.0221811029159115,0.0102712820697045,0.081209479535531,0.0,0.0116438233008941,0.0046932650121155,0,0.906292010312956,0.654798263875577,1.21878968981227
EA595720,0.103530455418226,0.0688747061583524,0.0076995238118974,0.152566258199059,0.0,0.17885168545776,0.0638297150048341,0.120981810705801,0.0,0.0262920562309959,0.0221183955421395,0.0022940944475777,0.124934324603148,0.0,0.0545598639166748,0.185867403301021,0.0431908897932983,0.0399332437957005,0.0712041422777976,0.0566701159665104,0.0223704612275996,0.0483098006714642,0,0.938775947546747,0.657717555977998,1.39407894652986
P66507-08D-Run1_S20_L002,0.0325127107576786,0.0720625543129996,0.016884764207774,0.153275670522437,0.0,0.134330337679782,0.0372617080379895,0.0938749745147673,0.0124396235625227,0.0,0.0552323684610404,0.0196852750173182,0.0774115335026592,0.0445418917494254,0.076147194956115,0.25630581635437,0.0116775616780533,0.0369166889993829,0.0098729663915268,0.0536520644016585,0.010461417946384,0.0342275141261574,0,0.931943994484373,0.654098194085669,1.23877463718004
P66507-12B-Run1_S13_L001,0.0217753036655219,0.0692496460569825,0.0159570094066655,0.101212659726426,0.0,0.215759006817858,0.0390606065207799,0.0914737190347031,0.0022163764174271,0.0266421694479935,0.0658910045004419,0.0,0.0704865706601602,0.0317901115603644,0.0638236013242162,0.30284793082816,0.0156322055363156,0.0347431022452463,0.0520642014111627,0.0147728893002155,0.011443499556072,0.0392884857539132,0,0.925515294404481,0.660034552942635,1.28613009977063
P66507-01E-Run1_S19_L002,0.0353061964729513,0.0884594154844914,0.0244280075077853,0.04929145129571,0.0,0.232364397858834,0.0157193136968189,0.0647821223272143,0.0,0.021407007969936,0.0756072912083713,0.0,0.110077119958799,0.0023231105050841,0.0478453690872266,0.260598684561954,0.0103608135592205,0.0652762890778505,0.0358751785656466,0.0356661859674434,0.0057314206274748,0.0685841600722842,0,0.925518723350026,0.662345841245288,1.2497035358051
EA595719,0.0279742039647999,0.037695087552909,0.0,0.0762589582897848,0.0,0.231881063674337,0.0482974082699175,0.0356342447822397,0.0146301137083176,0.0,0.113151002930012,0.001078657021451,0.11734291912348,0.0493545382914877,0.0514752812815853,0.177472308143915,0.0,0.0185066285581426,0.0773195209009287,0.0008353766738249,0.0030928723456116,0.0,0,0.85325839065178,0.696324781832949,1.08200018551275
P66432-04D-Run1_S2_L001,0.0,0.0791978544772532,0.0239708989183937,0.0056439431047312,0.0,0.294179961122007,0.0104886116309533,0.0250998117553478,0.0,0.0,0.0804035821227237,0.0308951167321115,0.10876887522087,0.0,0.0154973164316942,0.238442020268787,0.0180231492081758,0.073412288436134,0.0832741673388738,0.0,0.0197632417714164,0.0,0,0.866837526541828,0.699085939693074,1.10706083853947
P66507-07F-Run1_S16_L002,0.0611210438226022,0.0537401106117398,0.0370763167881269,0.348011175038822,0.0,0.0662966953828423,0.0235648234317558,0.166043611810024,0.0,0.0,0.0159979256535097,0.0756319754840021,0.0883184101345542,0.0341013638047728,0.0948674191135336,0.246630964322831,0.0237263588639384,0.0523187038273554,0.0500759814895385,0.0,0.0307729241350169,0.0447352559650807,0,0.929217179684965,0.639755746524352,1.51303105968005
EA632133,0.0842306112016455,0.0552790132226867,0.0242119702880236,0.110482430038844,0.0,0.127743216850963,0.0419697083780708,0.14056916416096,0.0,0.0,0.102527229532708,0.0,0.078113316583182,0.0263077690024426,0.0724468033454182,0.199679624305864,0.0349095026051438,0.081356679215598,0.0,0.157186867697763,0.0033673724549557,0.0536606491707585,0,0.912864749278187,0.673625851742524,1.39404192805503
P66432-11C-Run1_S7_L001,0.0425859542717586,0.070931851040284,0.0264035872967534,0.2009137554651,0.0,0.166444102610758,0.046693925080214,0.124113281315849,0.0,0.0,0.0351451622862127,0.0325673598989764,0.101141280512905,0.0089941531513734,0.0631148225534672,0.233550294797122,0.0265549311498945,0.0562263557842889,0.0572366862885497,0.0270031019944819,0.0025454677794616,0.0213023106721794,0,0.799278450424708,0.727993755420663,1.34346838394963
P66432-02C-Run1_S22_L002,0.0271764324871449,0.0842231259323066,0.0269558301513098,0.130112470842379,0.0,0.179761956989007,0.0259217112419049,0.116902085512568,0.0,0.0270142011034012,0.0419251463615405,0.0059664082552769,0.0687051251580011,0.0274956768670675,0.0837992873927705,0.235704595378387,0.0811625319967335,0.0568038878864144,0.0602135569853788,0.0064789322368806,0.0051617239846098,0.0490170606530993,0,0.94947477738399,0.650625929609835,1.34050174741618
EA639099,0.0749404760267795,0.031629923835191,0.020014648308954,0.130434780928844,0.0,0.227247279822302,0.0106594743901358,0.117228534449882,0.0,0.0,0.0365775033458646,0.0253776400358665,0.0925576463956485,0.0200529708599078,0.0535995998126313,0.237500299431009,0.0118729203611352,0.055254305740299,0.0044875238416186,0.0861610101259135,0.0318468790114934,0.0371447457858227,0,0.926695911190416,0.656415982376717,1.3045881625093
P66432-06D-Run1_S11_L001,0.0295976673955766,0.0951894785146543,0.0325897326944188,0.0420202461011362,0.0,0.192911768946612,0.0494453137067147,0.0675740404262035,0.0181082321610368,0.0316945696393292,0.0722498087616445,0.0,0.12463894539031,0.0256514465257929,0.0396230786648881,0.282493377880211,0.0066605799784695,0.0467980222466044,0.0310825157075603,0.0070546979226109,0.0131537534161947,0.014366025959644,0,0.909101832518688,0.674017345217464,1.22290330203961
P66425-02C-Run1_S5_L001,0.0166521451148007,0.102534545211822,0.0336855294462794,0.155542570495579,0.0,0.157697063046162,0.0225076130883847,0.115851519584741,0.0,0.0,0.0671456978966321,0.00410254777311,0.0673317393402799,0.0206721364102802,0.056654677272114,0.253947181602905,0.0047099157973088,0.0622492054464366,0.0527360215795363,0.023796656798492,0.0519814969411984,0.0519016725124508,0,0.92794490962517,0.662437751610139,1.32169993535851
P66451-01E-Run1_S17_L002,0.055890777974081,0.0674588189960385,0.0428860845470014,0.132892141732159,0.0,0.188572498294175,0.0257921138849957,0.0707296511262293,0.0,0.0,0.0685646776588309,0.0054555242601884,0.0815338531177439,0.0006618909232835,0.0749534312431181,0.22611852993283,0.0567212018455087,0.0454472497193001,0.107552928107348,0.0075888434659738,0.0,0.0183132865186189,0,0.940797010252832,0.659915780073332,1.27713350334742
P66432-10G-Run1_S4_L001,0.0722380205248568,0.0203187064195537,0.011803798888544,0.0891374960876288,0.0,0.23855996213852,0.0,0.0836062721514652,0.0022852332689485,0.0,0.105107425660258,0.0018509712097278,0.0855511392773186,0.0226099745949187,0.0430886107406747,0.280033185613394,0.0,0.0472897803022064,0.0268312334009671,0.0,0.0,0.0443176798464736,0,0.889294559674311,0.666897303765123,1.17462949012546
P66425-02E-Run1_S6_L001,0.0384887371809425,0.133408994004217,0.0220157053926597,0.135202614757431,0.0,0.208185520253164,0.0473303214088791,0.106658316990135,0.0,0.0,0.0816887222433683,0.0,0.0658691540725876,0.0013506454671508,0.0744486555617868,0.239367602894619,0.0413056002533487,0.0299412548556803,0.0275456298578085,0.0422898369703818,0.0018411292887645,0.0310201184299814,0,0.92382153772738,0.657624059056907,1.32795855988291
P66507-03H-Run1_S30_L002,0.0603511873364863,0.0448161625636418,0.0307561265256603,0.0843349339095732,0.0,0.184661652195076,0.0337253841824553,0.0711302296064802,0.0110826037807796,0.0,0.0653450797637786,0.0,0.0522158384709577,0.0205689976161211,0.0685821813554271,0.328446579535473,0.0214376152307778,0.0070178871059757,0.0024540928730751,0.082642979778472,0.0392667120569836,0.0735045799810096,0,0.921151542308868,0.664821588137027,1.2823408238682
EA639120,0.12331922688877,0.0609147757317623,0.0245689790130882,0.108976889166015,0.0,0.213647742857176,0.0815565332252041,0.0941354265251789,0.0,0.0,0.0914118134961322,0.0,0.0881839196284016,0.0204915226678558,0.0527323486292457,0.247497767978612,0.0118683777840739,0.0467451449492525,0.104205098109683,0.000164711502407,0.0,0.0251639100468962,0,0.937751552453395,0.658756301440102,1.39558418819975
EA639131,0.0276288330549325,0.143759264987577,0.0316763729539765,0.12731974107777,0.0,0.20666628050573,0.019626051148387,0.104842604143311,0.0,0.0,0.0815849625724129,0.0,0.0539904946004157,0.0049800824055214,0.0475384042639209,0.228508818460813,0.0494521585068908,0.0699347854819942,0.0725461217860994,0.0,0.0025593298053971,0.0298168500182995,0,0.945389680642443,0.647401647014953,1.30243115577345
P66451-04F-Run1_S6_L001,0.0549767083739507,0.0594169357267057,0.0074339500056561,0.0873418866949006,0.0,0.188715999122153,0.0333080974539584,0.0650339310474355,0.0015790108556496,0.0291955161193202,0.0931544577562554,0.0,0.0920791519713053,0.017227999446434,0.0561292028379049,0.257890344673822,0.017239212169217,0.0367217042177835,0.0559994051677291,0.0180225869812027,0.0053830819112445,0.0404768302173038,0,0.920181252769157,0.664837052669838,1.21732601274993
P66451-08G-Run1_S25_L002,0.126100151426844,0.0293231253427406,0.018574811208217,0.121047772769312,0.0,0.182898472085549,0.035187559801187,0.108715143056435,0.001035089133877,0.0,0.0426031404373971,0.0341436846757898,0.112889962356602,0.0313315660161524,0.0467954446345586,0.255114750369356,0.017827910127467,0.067415461640062,0.0563932446659888,0.0107769888960846,0.0060559339173549,0.0272845870817384,0,0.915627067155654,0.667455399444463,1.33151479964271
EA595597,0.0928228665309546,0.0596048012588481,0.0215881862013538,0.202531440834628,0.0,0.171310565447745,0.049324485131677,0.12002055448356,0.0,0.0194809240827092,0.0,0.0695737035182189,0.0773396308492406,0.0020467084705432,0.100785778063363,0.282457679118044,0.0162099866378316,0.0212532296361098,0.0910519204064052,0.0,0.0265424242034139,0.0520313107097769,0,0.933650063749175,0.65012833891937,1.47597619558442
P66507-02B-Run1_S23_L002,0.0163281120990125,0.161283281452124,0.0173558374620807,0.131620035979669,0.0,0.117184613728811,0.04240522757455,0.0808876900261249,0.0287784775266333,0.0,0.0685427821306115,0.0,0.120009817410949,0.0497269192892176,0.0735910399714025,0.240264363341478,0.0021289946346913,0.0382420405384737,0.0055146096596629,0.0249510603029714,0.0150600282664708,0.0304129878072483,0,0.905733665489873,0.668029106691143,1.26428791920218
EA647824,0.0736420017262049,0.100211487933675,0.0179300446524684,0.0945288090386833,0.0,0.208325271313286,0.0402596700481125,0.0724273214420976,0.0,0.0222771502491006,0.0951671100075713,0.0,0.0500287239201496,0.0,0.0493519210897674,0.2438774613603,0.0262758684488689,0.0395961747941584,0.0819425175272803,0.0,0.0025132895808192,0.0372474118243151,0,0.922456673256367,0.660979495746312,1.25560223495686
P66511-01E-Run1_S17_L002,0.0545978865912735,0.106107049129103,0.0397830996381203,0.172325686562731,0.0,0.178016851398522,0.0321997253414692,0.100793127608469,0.0,0.0005365394533984,0.0672102287021809,0.0,0.0654907408274759,0.0,0.0551352347855951,0.26559103157275,0.0393077117614192,0.0658145888883379,0.0441329374840684,0.0282145293231844,0.0016088120990296,0.0587570268792172,0,0.947516657610123,0.646874988228462,1.37562280804635
EA639107,0.05006833849643,0.0971748022520977,0.0045999412418463,0.0883894251031508,0.0,0.255535904780144,0.0048647268490382,0.103560963751475,0.0087780418140823,0.0374750018230634,0.0826424943558754,0.0,0.0514996118013433,0.0111727754195559,0.0946429382063301,0.243767601315032,0.0445874511738957,0.0431086657736023,0.0237435599181417,0.0053082681645058,0.0196851236192041,0.041200931863424,0,0.942667167584187,0.635177362555189,1.31180656772224
EA639109,0.0651950270364219,0.050366287865198,0.0056308717910301,0.224153745002397,0.0,0.172934592029822,0.0223908511197469,0.0950940664782697,0.0167320220007265,0.0,0.0371370223438704,0.03386611002564,0.108914362583166,0.0,0.0504641279081408,0.209397816960287,0.0437600170334683,0.0504050600309125,0.0218971711609251,0.0142454605455145,0.0025681624832373,0.0357961588937382,0,0.915982431429881,0.648534279054115,1.26094893329251
P66425-03D-Run1_S11_L001,0.0429837571337494,0.081148163743781,0.0156091925815594,0.104663565360529,0.0,0.1971058769888,0.0306426239976412,0.0872803854474733,0.0,0.0,0.0525443016565781,0.0377860877774182,0.0717935900765374,0.0,0.0821418765234508,0.272561890523017,0.0443865775656287,0.0244884400397987,0.0906778786863398,0.0,0.0031002497806678,0.0557544679297486,0,0.942618274748755,0.654711818276773,1.29466892581272
EA632802,0.0935387267794301,0.0637619999201255,0.0557123613043946,0.222041763480127,0.0,0.154540248566906,0.0233288897391732,0.107914675020469,0.0,0.0,0.0371113445988955,0.0110430045848775,0.0651632727120209,0.0015923745905156,0.0719371803905378,0.22937891725929,0.0230253242859776,0.0259208760974207,0.0524160449117794,0.022005543299671,0.0215058408342983,0.0297237773465423,0,0.94452201257834,0.636843557371618,1.31166216572245
P66451-05G-Run1_S9_L001,0.123618195753781,0.0,0.0545112769609158,0.173087593835512,0.0,0.119205754878965,0.0400296996367794,0.142749216122265,0.0,0.0,0.0647529404252201,0.0266898252402199,0.0319861157677519,0.0250945013697702,0.0667563466568905,0.255734328230352,0.0164403138438288,0.0095752620366336,0.0612337590417685,0.0007771095600414,0.0141536610270714,0.0160789939278874,0,0.923493270521843,0.649316324558747,1.24247489431565
P66291-07E-Run1_S3_L001,0.0353719222019899,0.12740790200563,0.0239541702337968,0.22654581401341,0.0,0.140452407393094,0.0271815402865782,0.158786940538459,0.0,0.0,0.0036089592434938,0.0780587799023204,0.09832100598142,0.0214011396612991,0.0583944808075268,0.214487245573698,0.0089586860612702,0.0701003604907316,0.0,0.0579808093814355,0.0136413707940569,0.0260282940294403,0,0.918102857136362,0.649212482835682,1.39068182859965
P66291-11F-Run1_S24_L002,0.0633582990685355,0.0901005251496148,0.0049292282333174,0.0986354852857465,0.0,0.227199400821841,0.0282809052418151,0.103493059572286,0.0,0.0151345554688524,0.0349094646605258,0.0146936645925872,0.0544469689175686,0.0121443227425069,0.0630307088404907,0.22191328358778,0.0281389990850067,0.0633812354455318,0.0477828188975178,0.0537532696343474,0.0061023309349354,0.0262810100200136,0,0.922020744646133,0.661372754065403,1.25770953620082
P66425-06F-Run1_S29_L002,0.0205733796080507,0.0960708421703937,0.0174885566173025,0.0795155697268621,0.0,0.190774136948666,0.018268092053757,0.123398081307983,0.0,0.0133168518495956,0.0788446880203954,0.0,0.0661141612256996,0.0,0.0520483635850642,0.211336666065445,0.0318870029204075,0.0847200678386654,0.0973797671440111,0.008999314155215,0.0,0.039903036518886,0,0.929374096509535,0.664198945787191,1.2306385777564
P66282-05G-Run1_S23_L002,0.0389426188184549,0.109724590576857,0.0017116342378538,0.0656953648971998,0.0,0.202989992954736,0.0385105509977913,0.0309492111811119,0.0,0.0521726655954311,0.0577839729650039,0.0,0.0489540259652258,0.0,0.0853033733705989,0.267875470403498,0.0740847265213974,0.0148199746587177,0.0547265985327147,0.0461707258905057,0.0108254985647777,0.0702571386790758,0,0.905728351682153,0.677598137133589,1.27149813481095
P66282-01B-Run1_S1_L001,0.0771261817726596,0.0811437599925461,0.0250245629369758,0.127414831968699,0.0,0.183269934069448,0.0641988639123348,0.0945479078729734,0.0,0.0277648170747614,0.0591221327572957,0.0,0.0902948947213793,0.0197864615434114,0.0445172129486568,0.240770822471665,0.0468769237909118,0.0470837034375886,0.0506949817720809,0.0227459771772121,0.0015374941087148,0.0392581105649449,0,0.946692505010703,0.653857891471897,1.34317957489426
EA595522,0.0341132086462638,0.0786439048453483,0.012111730362995,0.0869525530227098,0.0,0.227350619289253,0.0278660697613188,0.0643590788287156,0.0052063517109071,0.0422042505982076,0.0555507826901288,0.0024818712363043,0.0964025773158587,0.0313437840108995,0.0596330571730154,0.244723490410322,0.0323604727326095,0.0384958375630883,0.0765245528568919,0.005606523366454,0.0005111744061999,0.0341996456166011,0,0.938520630340887,0.656102371516016,1.25664153644409
P66287-05E-Run1_S24_L002,0.0357840640894511,0.0576565600105536,0.013688279469768,0.296674490699907,0.0,0.139201262188258,0.0,0.160278144208729,0.0093789114164516,0.0,0.0070301872701908,0.0514239434126531,0.0629836513203431,0.0025677241971517,0.104287307393914,0.240504698216472,0.0210787216368225,0.0147799338056643,0.0417932421461596,0.0,0.0182276884515011,0.0323928139567995,0,0.878837656247964,0.656417324771642,1.30973162389079
P66291-07B-Run1_S17_L002,0.0306114008670429,0.0967142796965033,0.0095063468736896,0.240073953018948,0.0,0.165043824682743,0.0395690888850445,0.115911480492132,0.0,0.0,0.0436579800448367,0.0314165214719577,0.114463812844689,0.0,0.0861826134366466,0.233174650137281,0.0423522922279395,0.052664746308192,0.0077982110758213,0.0226085972264034,0.0120622318611809,0.0445059193733565,0,0.916364045792394,0.651671153272474,1.38831795052441
P66287-09C-Run1_S12_L001,0.0246920620511926,0.088986296887382,0.0013771804664519,0.187168809086774,0.0,0.170599742740672,0.019025108753137,0.0955396904722194,0.0091737512059386,0.0161845891258729,0.038006387561411,0.0113538572271955,0.0746908953688237,0.0329376298467493,0.0774387069655,0.253279480544904,0.0127581738368098,0.0269161529283426,0.0500472574999971,0.0,0.0243088048594805,0.0346116983085834,0,0.921694257169853,0.651395796570983,1.24909627573744
EA595654,0.0492297944442735,0.103707690649643,0.0,0.10845044416207,0.0,0.223200722553219,0.0204724782840156,0.101257017831281,0.0,0.0258657751427216,0.0110172890221601,0.0206202173259081,0.0365583716679956,0.0131341095610787,0.0653232675517514,0.218031523732671,0.0463026283236318,0.0381915465084201,0.0414764684236676,0.0477366213881143,0.0068243917757109,0.0180655749549653,0,0.910040151054424,0.663272120409619,1.1954659333033
P66282-04A-Run1_S14_L002,0.0360518429478381,0.133029495926496,0.0009191897763608,0.129394868051889,0.0,0.138677584267617,0.054133856277826,0.12187300959027,0.0,0.0607292098452676,0.0,0.0494349536451539,0.0843532407401066,0.024172733339859,0.0978982538162023,0.255692851600335,0.0228171741615848,0.0208817122091435,0.0039785411807537,0.0583283885670031,0.0185733114509357,0.0085845677566441,0,0.893123847410005,0.672548816032998,1.31952478515129
EA595624,0.0688780056582413,0.0440328349377515,0.0213759117419308,0.123517564423193,0.0,0.216195394408144,0.0263106325684812,0.0707741772255047,0.0,0.0156639438418824,0.0575828997558868,0.0,0.0714041509849892,0.0082346274788912,0.0505570956852035,0.200517159151053,0.0443131259091245,0.0344334324226623,0.134435620270909,0.0012312308500146,0.0190738362425867,0.0109925567324281,0,0.929037651409759,0.664805556563746,1.21952420028888
P66291-09D-Run1_S11_L001,0.0627428608099627,0.090138299146296,0.0072410169076779,0.233691902706641,0.0,0.145742471190931,0.0,0.0831790820291553,0.042833939962616,0.0,0.070068500848168,0.0145763333580511,0.0659911982992024,0.060564276867717,0.0580031304405848,0.252864618290564,0.0065678956290674,0.0091122585716644,0.0264802608353299,0.0,0.0236680390126628,0.0,0,0.916544139723924,0.638832778455072,1.25346608490629
EA632234,0.0790092017793079,0.0669230538721574,0.015626544238987,0.260180122717059,0.0,0.0660336625926486,0.0402649782406761,0.15230614382594,0.0,0.0121864533409332,0.0,0.0514134044516119,0.0655570800421298,0.0,0.0813308500212542,0.223950112025996,0.0341324448241122,0.0386761607679652,0.0292748972744181,0.0,0.004838690738767,0.0632562613049917,0,0.933991952389996,0.635870561573136,1.28496006205895
P66511-07H-Run1_S19_L002,0.0920136518795753,0.0580040014710005,0.0292628371328501,0.0699174832977085,0.0,0.232833887821158,0.0282814772500519,0.0767361362121384,0.0,0.028706273796134,0.0699397030761003,0.0,0.0771561674125763,0.0466308449572756,0.0465688198564334,0.226097197973613,0.0365425535477377,0.0322132909873207,0.0379735209285555,0.0181597782966182,0.0073439938015232,0.0443214073406663,0,0.930426521749973,0.657137099200254,1.25870302703904
EA647826,0.0196941479381117,0.0293559341222548,0.0258952714360421,0.0457803322555145,0.0,0.239386578783133,0.0010084499465807,0.0795255758510198,0.0,0.0,0.0527590033218606,0.0596984514690838,0.123363074910736,0.0165561599571212,0.0179792177982853,0.216771676683002,0.0030056903782839,0.0718943969939821,0.0482561980117536,0.0309066668040141,0.0042976619249721,0.0126250731661589,0,0.880914324812543,0.682809802562043,1.09875956175191
P66511-06F-Run1_S15_L001,0.0820171393187379,0.0765197713553453,0.0382989704417191,0.0817335484281766,0.0,0.199362110369057,0.0,0.0771179267163727,0.0196316194380498,0.0171825797480076,0.0648255919380155,0.0,0.0362717862329129,0.0,0.0391543811002044,0.304048832699519,0.0,0.0332320770536409,0.0595251440869354,0.0366778211539459,0.0412900184628275,0.043961586877277,0,0.885205350650141,0.682043024941449,1.25085090542075
P66287-02A-Run1_S5_L001,0.0423319153524453,0.112365004900367,0.0,0.174794789640285,0.0,0.176607738537172,0.04176262891665,0.108426795119324,0.0,0.0113487268933478,0.0,0.0503076142975563,0.0832482142948024,0.0,0.0630435104921514,0.256678355722082,0.0218409204059409,0.0148421563957975,0.0583048223624608,0.0132729746467087,0.0045849340708608,0.0719714564255323,0,0.882730021599582,0.676984471006614,1.30573255847348
P66282-03D-Run1_S11_L001,0.0290644208093821,0.0894265439021083,0.0078458323364353,0.15274000607171,0.0,0.186417136875536,0.0379033678061174,0.102726583907265,0.0,0.0125583446252721,0.0307002913860196,0.0093981806900507,0.0874419292641591,0.0,0.0652145549238188,0.254187322923151,0.0436482840880794,0.0514320202717148,0.0861804746274006,0.0,0.0016734311787064,0.0622740408142106,0,0.919114011783948,0.666697427670209,1.31083276650114
P66287-11B-Run1_S21_L002,0.0256430523123304,0.0912293645304182,0.0446143693949227,0.084202716639454,0.0043277450031146,0.196978632644688,0.0184807796601681,0.0851079204184604,0.0,0.0201746091149742,0.0732247738566292,0.0,0.0976582911635432,0.0,0.0508869138779964,0.237121958871938,0.0587891082239063,0.0359543928452183,0.100548810400267,0.0067048459108629,0.0181803031699964,0.0400973290648783,0,0.930973927031629,0.669968012728195,1.28992591710377
P66287-08B-Run1_S7_L001,0.0330833205774328,0.105610732011534,0.0340226555465552,0.0929925136461197,0.0,0.209140071740247,0.0487124246960116,0.0586606348270204,0.0134424739471694,0.0161268595872813,0.073055448175453,0.0,0.0472819480886371,0.0256424135644566,0.0510663438034021,0.251544330388247,0.0672978051230384,0.0549948199554452,0.0398255740207772,0.0383735511459878,0.0017767208801488,0.0468352922708617,0,0.944882611238348,0.658734038968681,1.30948593399583
EA639040,0.0147259781892478,0.112268187376209,0.0588783678216218,0.20206703638197,0.0,0.13288221549249,0.0055409033870878,0.131235698795115,0.0,0.0,0.0556207411679702,0.012378386355989,0.0725801209133253,0.0,0.0588200136751796,0.260139079564669,0.0342999117084236,0.0421656449375529,0.023837729404162,0.0082929343312932,0.0254061874976792,0.0355482632882984,0,0.942669283254942,0.63937496669728,1.28668740028828
P66507-07G-Run1_S17_L002,0.154527778246616,0.0,0.0422061825985151,0.142841670812502,0.0,0.118742105772477,0.0,0.115718514615623,0.0158822369651925,0.0,0.0231010025173709,0.0613753961976752,0.0985367586504561,0.0,0.0490302928258018,0.25428685410359,0.0369606763819111,0.04416032490883,0.0153789612712743,0.058608642413447,0.0,0.0521632403803078,0,0.871245621699748,0.685890039703353,1.28352063866159
P66425-03B-Run1_S10_L001,0.0507880389515036,0.0448333611241424,0.0201456593845819,0.128030595589705,0.0,0.234051972376016,0.0062693469343773,0.105743509988887,0.0010047743033972,0.0163690711040021,0.0699159128276853,0.0,0.067484434226001,0.0330811198716545,0.0749341824334889,0.172924753993816,0.0354858045092274,0.0405301292474167,0.0903887121059671,0.0187220024904486,0.0,0.0354716810854503,0,0.909878762785026,0.663573222593296,1.24617506254777
EA639069,0.0477422987180462,0.0832389612773725,0.0,0.085061190454338,0.0,0.229885617297504,0.019462392525423,0.0994868314832037,0.0,0.0246918596769044,0.0610911820998158,0.0,0.0589314549080956,0.0,0.0753340959698519,0.254597043925086,0.0365857240655915,0.0329678046715861,0.0230219361629355,0.049270514347827,0.0367860282052059,0.0531526601298947,0,0.934213052717128,0.654166193786778,1.27130759591868
RCC_102_T_SCR,0.0833420988514297,0.0489368171959198,0.0298151205250638,0.208113281691694,0.0,0.107338248514123,0.0087655406860778,0.0979033829161651,0.0031702249844658,0.0,0.0581092019554606,0.0156647809016271,0.0843569274087338,0.0263102637149188,0.0621088545223391,0.238769276870114,0.0252645079831216,0.0376477780284835,0.127101580020484,0.0083545253186615,0.0,0.0303588317778185,0,0.926894713472097,0.661490334654439,1.3014312438667
RCC_106_T_SCR,0.0421676656588885,0.123732334888205,0.0095384075007967,0.081807934464634,0.0,0.235131751490081,0.009219204382285,0.0776602503686788,0.0,0.0182359627173304,0.0723626279216535,0.0,0.065013535299748,0.015046913186918,0.0579174266109855,0.260263626166011,0.0416169957008213,0.0439867963398807,0.0943227877070784,0.0062097046665642,0.0013648792446926,0.0181050589545173,0,0.925353975712013,0.663390809757781,1.27370386326977
RCC_115_T_SCR,0.0736034671430029,0.10732512152901,0.0216115141142587,0.0951005452615947,0.0,0.197352802153229,0.0260271372883219,0.102329995627006,0.013987969647399,0.0340850358462972,0.0366044340625984,0.0,0.0863154924952359,0.018129177851294,0.0487369290563144,0.249856566580782,0.0050313214681039,0.0358142115910629,0.0825392947086198,0.0,0.0155120661255314,0.0479499618882793,0,0.936890792609474,0.652369113286919,1.29791304443794
RCC_117_T_SCR,0.0200212677932423,0.113615588261707,0.0260767070569729,0.282554140147342,0.0,0.0856388462276037,0.0377543414790683,0.134548028924136,0.0,0.0,0.058746779770216,0.0190403722921283,0.0865912985991618,0.0,0.0701183000903602,0.247840868943843,0.0259226408847494,0.0608836709819903,0.0188495082479584,0.0409361316655644,0.0009932565144962,0.021655730030779,0,0.929771664968041,0.644493064060402,1.35178747791132
RCC_21_T_SCR,0.0212279808401124,0.0734757368000437,0.0163339345872993,0.108027576288276,0.0,0.181454189553607,0.0480708491238569,0.0980060934953938,0.0,0.0,0.070994258532514,0.0092345524905117,0.0910202712719018,0.0,0.0795331921360627,0.266283254295763,0.0023318037630501,0.0478960532713857,0.0480435209060396,0.0532096087346495,0.0,0.0311605629684392,0,0.93092937364294,0.66015052706532,1.24630343905891
RCC_27_T_SCR,0.039485718602698,0.0560693303176946,0.0191425351922881,0.0026770482445468,0.0,0.265787610859335,0.0220443804573227,0.0694149985864091,0.0137413072201298,0.0403143946917418,0.0195519243793796,0.0288903198339558,0.0767759723839952,0.0404983974407907,0.0393420757812197,0.25742868290418,0.0145631763962254,0.0444682837426079,0.0805647813921277,0.0,0.0210655245225093,0.0423892594078212,0,0.918901243405549,0.669958176850556,1.19421572235698
RCC_41_T_SCR,0.0262705101413321,0.120421983290978,0.012396058717952,0.251458220596454,0.0,0.11757418663269,0.0578638115171518,0.123546485383639,0.0209507988123183,0.0116327217466453,0.0211647754182941,0.0271352576361936,0.0553807885131092,0.0257362361456242,0.088825320422079,0.256694552237108,0.0715459796764614,0.0275127655535939,0.0027120106427795,0.0219995504210611,0.0248887248509612,0.0219043022216654,0,0.931144658290138,0.645480803561127,1.38761504057809
RCC_50_T_SCR,0.0798215700900683,0.0595433563269769,0.0290415826712843,0.307886796819119,0.0,0.0534720029447713,0.0528000409731313,0.133229165549151,0.0104594882905486,0.0043604051021265,0.0511858847254866,0.0159562075297264,0.0641684858689038,0.0097701150836927,0.0956703768462662,0.2756271690535,0.0233687812549234,0.0509029623870735,0.0499280821045289,0.008652057246266,0.0008940803442113,0.0200959937842358,0,0.931039818231095,0.642722354360956,1.39683460499599
RCC_73_T_SCR,0.0518879216571248,0.0311139726028167,0.0298435654006371,0.0217547632256549,0.0,0.236872574531412,0.021691239946704,0.0830346600544146,0.0,0.0,0.0794210232847583,0.0,0.0873773023884125,0.0,0.0512697503430381,0.273223857448377,0.0242021482277219,0.0188900044155982,0.0480664308247585,0.0190351909908102,0.0,0.0200736493234757,0,0.896217199406819,0.680295196011531,1.09775805466571
RCC_90_T_SCR,0.0391594815402719,0.0952821758341398,0.0080530805064376,0.0923310729444309,0.0,0.168360341736213,0.050304356740254,0.0934400350292861,0.0,0.0607629180273097,0.0528315490052301,0.0046989607921645,0.0687496652993322,0.0,0.0711447702506239,0.294440735340067,0.0586605785931962,0.0295631062071433,0.0,0.0404038015829835,0.0357035845575172,0.0786380908993266,0,0.897597904099559,0.677041054277703,1.34252830488593
RCC_96_T_SCR,0.0245863498357074,0.0774640289297384,0.0150479688115392,0.171921668700438,0.0,0.188103609978246,0.0313480973331082,0.086209008496276,0.0233221515240555,0.0,0.0190233888020944,0.0030564541924144,0.0154095579741124,0.0116939094445117,0.0426619010940677,0.268245114990963,0.0247449709819196,0.0486197318406886,0.0780764814885135,0.0163039449194066,0.0098909664230092,0.0212736226764047,0,0.913804356338823,0.66156831114706,1.17700292843721
